<?xml version="1.0" encoding="utf-8" ?>
<dwsync>
<file name="0UAKsbhDXAToho9000_Large_sticker_1.jpg" server="schilling.dreamhost.com/toho9000.com.au/" local="128359261800000000" remote="128359261800000000" />
<file name="6iVxvN98ZJtoho_205.jpg" server="schilling.dreamhost.com/toho9000.com.au/" local="127993536000000000" remote="127993536000000000" />
<file name="8AsfvToho9000_Large_sticker_1.jpg" server="schilling.dreamhost.com/toho9000.com.au/" local="128359210800000000" remote="128359210800000000" />
<file name="8gy8UN98ZJtoho_205.jpg" server="schilling.dreamhost.com/toho9000.com.au/" local="128359213800000000" remote="128359213800000000" />
<file name="97o11HxeweDSC00340.JPG" server="schilling.dreamhost.com/toho9000.com.au/" local="128359217400000000" remote="128359217400000000" />
<file name="APPX1WKqYoN98ZJtoho_205.jpg" server="schilling.dreamhost.com/toho9000.com.au/" local="128359212600000000" remote="128359212600000000" />
<file name="AQeecBooklet_Eng_1.jpg" server="schilling.dreamhost.com/toho9000.com.au/" local="128359237800000000" remote="128359237800000000" />
<file name="Aov2GTaq2tN98ZJtoho_205.jpg" server="schilling.dreamhost.com/toho9000.com.au/" local="128359269000000000" remote="128359269000000000" />
<file name="B1U6EPicture_089.jpg" server="schilling.dreamhost.com/toho9000.com.au/" local="127993536000000000" remote="127993536000000000" />
<file name="DdzaTXTwPwToho9000_Large_sticker_1.jpg" server="schilling.dreamhost.com/toho9000.com.au/" local="127993536000000000" remote="127993536000000000" />
<file name="DrD42Picture_125.jpg" server="schilling.dreamhost.com/toho9000.com.au/" local="127993536000000000" remote="127993536000000000" />
<file name="EXUNsDrD42Picture_125.jpg" server="schilling.dreamhost.com/toho9000.com.au/" local="127993536000000000" remote="127993536000000000" />
<file name="HxeweDSC00340.JPG" server="schilling.dreamhost.com/toho9000.com.au/" local="128359216800000000" remote="128359216800000000" />
<file name="LEa8OhBc67N98ZJtoho_205.jpg" server="schilling.dreamhost.com/toho9000.com.au/" local="128359214400000000" remote="128359214400000000" />
<file name="N98ZJtoho_205.jpg" server="schilling.dreamhost.com/toho9000.com.au/" local="127993536000000000" remote="127993536000000000" />
<file name="OF0OKilCVYCIMG0032.JPG" server="schilling.dreamhost.com/toho9000.com.au/" local="128359263000000000" remote="128359263000000000" />
<file name="OZkVyDdzaTXTwPwToho9000_Large_sticker_1.jpg" server="schilling.dreamhost.com/toho9000.com.au/" local="127993536000000000" remote="127993536000000000" />
<file name="RHDP2CIMG0033.JPG" server="schilling.dreamhost.com/toho9000.com.au/" local="128359263600000000" remote="128359263600000000" />
<file name="Rdo93DSC00243.JPG" server="schilling.dreamhost.com/toho9000.com.au/" local="128359624200000000" remote="128359624200000000" />
<file name="Small-image021.jpg" server="schilling.dreamhost.com/toho9000.com.au/" local="127672992000000000" remote="127672992000000000" />
<file name="Taq2tN98ZJtoho_205.jpg" server="schilling.dreamhost.com/toho9000.com.au/" local="128359269000000000" remote="128359269000000000" />
<file name="UvNeiaJND2CIMG0033.JPG" server="schilling.dreamhost.com/toho9000.com.au/" local="128359255200000000" remote="128359255200000000" />
<file name="WKqYoN98ZJtoho_205.jpg" server="schilling.dreamhost.com/toho9000.com.au/" local="128359212600000000" remote="128359212600000000" />
<file name="Ygn6IRHDP2CIMG0033.JPG" server="schilling.dreamhost.com/toho9000.com.au/" local="128359263600000000" remote="128359263600000000" />
<file name="YpB0Lr3hFDDSC00289.JPG" server="schilling.dreamhost.com/toho9000.com.au/" local="127997856000000000" remote="127997856000000000" />
<file name="aJND2CIMG0033.JPG" server="schilling.dreamhost.com/toho9000.com.au/" local="128359255200000000" remote="128359255200000000" />
<file name="bSrJJimg339.jpg" server="schilling.dreamhost.com/toho9000.com.au/" local="128359610400000000" remote="128359610400000000" />
<file name="bhDXAToho9000_Large_sticker_1.jpg" server="schilling.dreamhost.com/toho9000.com.au/" local="128359261800000000" remote="128359261800000000" />
<file name="eZocUDSC00267.JPG" server="schilling.dreamhost.com/toho9000.com.au/" local="127997856000000000" remote="127997856000000000" />
<file name="eaRg9faUyGN98ZJtoho_205.jpg" server="schilling.dreamhost.com/toho9000.com.au/" local="128359213200000000" remote="128359213200000000" />
<file name="faUyGN98ZJtoho_205.jpg" server="schilling.dreamhost.com/toho9000.com.au/" local="128359213200000000" remote="128359213200000000" />
<file name="hBc67N98ZJtoho_205.jpg" server="schilling.dreamhost.com/toho9000.com.au/" local="128359214400000000" remote="128359214400000000" />
<file name="iTNIys2XB4Picture_111.jpg" server="schilling.dreamhost.com/toho9000.com.au/" local="127993536000000000" remote="127993536000000000" />
<file name="ilCVYCIMG0032.JPG" server="schilling.dreamhost.com/toho9000.com.au/" local="128359263000000000" remote="128359263000000000" />
<file name="jzDEFimg089.jpg" server="schilling.dreamhost.com/toho9000.com.au/" local="128359597200000000" remote="128359597200000000" />
<file name="kIyOx8AsfvToho9000_Large_sticker_1.jpg" server="schilling.dreamhost.com/toho9000.com.au/" local="128359210800000000" remote="128359210800000000" />
<file name="kxkXMeZocUDSC00267.JPG" server="schilling.dreamhost.com/toho9000.com.au/" local="127997856000000000" remote="127997856000000000" />
<file name="lKA638gy8UN98ZJtoho_205.jpg" server="schilling.dreamhost.com/toho9000.com.au/" local="128359213800000000" remote="128359213800000000" />
<file name="mfXTevu08TDSC00282.JPG" server="schilling.dreamhost.com/toho9000.com.au/" local="127997856000000000" remote="127997856000000000" />
<file name="pST59bSrJJimg339.jpg" server="schilling.dreamhost.com/toho9000.com.au/" local="128359610400000000" remote="128359610400000000" />
<file name="r3hFDDSC00289.JPG" server="schilling.dreamhost.com/toho9000.com.au/" local="127997856000000000" remote="127997856000000000" />
<file name="s2XB4Picture_111.jpg" server="schilling.dreamhost.com/toho9000.com.au/" local="127993536000000000" remote="127993536000000000" />
<file name="sgD97uXh1YDSC00014.JPG" server="schilling.dreamhost.com/toho9000.com.au/" local="127997856000000000" remote="127997856000000000" />
<file name="tQ2CZRdo93DSC00243.JPG" server="schilling.dreamhost.com/toho9000.com.au/" local="128359624200000000" remote="128359624200000000" />
<file name="tR2aKjzDEFimg089.jpg" server="schilling.dreamhost.com/toho9000.com.au/" local="128359597200000000" remote="128359597200000000" />
<file name="uXh1YDSC00014.JPG" server="schilling.dreamhost.com/toho9000.com.au/" local="127997856000000000" remote="127997856000000000" />
<file name="vu08TDSC00282.JPG" server="schilling.dreamhost.com/toho9000.com.au/" local="127997856000000000" remote="127997856000000000" />
<file name="wo028AQeecBooklet_Eng_1.jpg" server="schilling.dreamhost.com/toho9000.com.au/" local="128359237800000000" remote="128359237800000000" />
<file name="xjP05B1U6EPicture_089.jpg" server="schilling.dreamhost.com/toho9000.com.au/" local="127993536000000000" remote="127993536000000000" />
</dwsync>