<?xml version="1.0" encoding="utf-8" ?>
<dwsync>
<file name="10101.gif" server="schilling.dreamhost.com/toho9000.com.au/" local="127671264000000000" remote="127671264000000000" />
<file name="backcolor.gif" server="schilling.dreamhost.com/toho9000.com.au/" local="127671264000000000" remote="127671264000000000" />
<file name="bold.gif" server="schilling.dreamhost.com/toho9000.com.au/" local="127671264000000000" remote="127671264000000000" />
<file name="border.gif" server="schilling.dreamhost.com/toho9000.com.au/" local="127671264000000000" remote="127671264000000000" />
<file name="bullist.gif" server="schilling.dreamhost.com/toho9000.com.au/" local="127671264000000000" remote="127671264000000000" />
<file name="center.gif" server="schilling.dreamhost.com/toho9000.com.au/" local="127671264000000000" remote="127671264000000000" />
<file name="colorindicator.gif" server="schilling.dreamhost.com/toho9000.com.au/" local="127671264000000000" remote="127671264000000000" />
<file name="colortable.gif" server="schilling.dreamhost.com/toho9000.com.au/" local="127671264000000000" remote="127671264000000000" />
<file name="copy.gif" server="schilling.dreamhost.com/toho9000.com.au/" local="127671264000000000" remote="127671264000000000" />
<file name="cut.gif" server="schilling.dreamhost.com/toho9000.com.au/" local="127671264000000000" remote="127671264000000000" />
<file name="deindent.gif" server="schilling.dreamhost.com/toho9000.com.au/" local="127671264000000000" remote="127671264000000000" />
<file name="delete.gif" server="schilling.dreamhost.com/toho9000.com.au/" local="127671264000000000" remote="127671264000000000" />
<file name="find.gif" server="schilling.dreamhost.com/toho9000.com.au/" local="127671264000000000" remote="127671264000000000" />
<file name="forecolor.gif" server="schilling.dreamhost.com/toho9000.com.au/" local="127671264000000000" remote="127671264000000000" />
<file name="help.gif" server="schilling.dreamhost.com/toho9000.com.au/" local="127671264000000000" remote="127671264000000000" />
<file name="image.gif" server="schilling.dreamhost.com/toho9000.com.au/" local="127671264000000000" remote="127671264000000000" />
<file name="inindent.gif" server="schilling.dreamhost.com/toho9000.com.au/" local="127671264000000000" remote="127671264000000000" />
<file name="italic.gif" server="schilling.dreamhost.com/toho9000.com.au/" local="127671264000000000" remote="127671264000000000" />
<file name="justify.gif" server="schilling.dreamhost.com/toho9000.com.au/" local="127671264000000000" remote="127671264000000000" />
<file name="left.gif" server="schilling.dreamhost.com/toho9000.com.au/" local="127671264000000000" remote="127671264000000000" />
<file name="line.gif" server="schilling.dreamhost.com/toho9000.com.au/" local="127671264000000000" remote="127671264000000000" />
<file name="link.gif" server="schilling.dreamhost.com/toho9000.com.au/" local="127671264000000000" remote="127671264000000000" />
<file name="new.gif" server="schilling.dreamhost.com/toho9000.com.au/" local="127671264000000000" remote="127671264000000000" />
<file name="numlist.gif" server="schilling.dreamhost.com/toho9000.com.au/" local="127671264000000000" remote="127671264000000000" />
<file name="paste.gif" server="schilling.dreamhost.com/toho9000.com.au/" local="127671264000000000" remote="127671264000000000" />
<file name="print.gif" server="schilling.dreamhost.com/toho9000.com.au/" local="127671264000000000" remote="127671264000000000" />
<file name="redo.gif" server="schilling.dreamhost.com/toho9000.com.au/" local="127671264000000000" remote="127671264000000000" />
<file name="right.gif" server="schilling.dreamhost.com/toho9000.com.au/" local="127671264000000000" remote="127671264000000000" />
<file name="save.gif" server="schilling.dreamhost.com/toho9000.com.au/" local="127671264000000000" remote="127671264000000000" />
<file name="strike.gif" server="schilling.dreamhost.com/toho9000.com.au/" local="127671264000000000" remote="127671264000000000" />
<file name="stripedbg.gif" server="schilling.dreamhost.com/toho9000.com.au/" local="127671264000000000" remote="127671264000000000" />
<file name="sub.gif" server="schilling.dreamhost.com/toho9000.com.au/" local="127671264000000000" remote="127671264000000000" />
<file name="super.gif" server="schilling.dreamhost.com/toho9000.com.au/" local="127671264000000000" remote="127671264000000000" />
<file name="symbol.gif" server="schilling.dreamhost.com/toho9000.com.au/" local="127671264000000000" remote="127671264000000000" />
<file name="table.gif" server="schilling.dreamhost.com/toho9000.com.au/" local="127671264000000000" remote="127671264000000000" />
<file name="under.gif" server="schilling.dreamhost.com/toho9000.com.au/" local="127671264000000000" remote="127671264000000000" />
<file name="undo.gif" server="schilling.dreamhost.com/toho9000.com.au/" local="127671264000000000" remote="127671264000000000" />
</dwsync>