<?xml version="1.0" encoding="utf-8" ?>
<dwsync>
<file name="ChangeLog.txt" server="schilling.dreamhost.com/toho9000.com.au/" local="127671264000000000" remote="127671264000000000" />
<file name="blank.html" server="schilling.dreamhost.com/toho9000.com.au/" local="127671264000000000" remote="127671264000000000" />
<file name="blankOLD.html" server="schilling.dreamhost.com/toho9000.com.au/" local="127671264000000000" remote="127671264000000000" />
<file name="browserSniffer.js" server="schilling.dreamhost.com/toho9000.com.au/" local="127671264000000000" remote="127671264000000000" />
<file name="colorpicker.js" server="schilling.dreamhost.com/toho9000.com.au/" local="127671264000000000" remote="127671264000000000" />
<file name="dlgdummy.html" server="schilling.dreamhost.com/toho9000.com.au/" local="127671264000000000" remote="127671264000000000" />
<file name="dlgfrm.html" server="schilling.dreamhost.com/toho9000.com.au/" local="127671264000000000" remote="127671264000000000" />
<file name="htmledit.asp" server="schilling.dreamhost.com/toho9000.com.au/" local="127671264000000000" remote="127671264000000000" />
<file name="htmledit.js" server="schilling.dreamhost.com/toho9000.com.au/" local="127671264000000000" remote="127671264000000000" />
<file name="htmledit.php" server="schilling.dreamhost.com/toho9000.com.au/" local="127671264000000000" remote="127671264000000000" />
<file name="htmledit_ta.js" server="schilling.dreamhost.com/toho9000.com.au/" local="127671264000000000" remote="127671264000000000" />
<file name="htmleditcelldlg.html" server="schilling.dreamhost.com/toho9000.com.au/" local="127671264000000000" remote="127671264000000000" />
<file name="htmleditcolordlg.html" server="schilling.dreamhost.com/toho9000.com.au/" local="127671264000000000" remote="127671264000000000" />
<file name="htmleditimage.html" server="schilling.dreamhost.com/toho9000.com.au/" local="127671264000000000" remote="127671264000000000" />
<file name="htmleditlinkdlg.html" server="schilling.dreamhost.com/toho9000.com.au/" local="127671264000000000" remote="127671264000000000" />
<file name="htmleditlinkdlg.php" server="schilling.dreamhost.com/toho9000.com.au/" local="127671264000000000" remote="127671264000000000" />
<file name="htmleditolpropdlg.html" server="schilling.dreamhost.com/toho9000.com.au/" local="127671264000000000" remote="127671264000000000" />
<file name="htmleditpageprop.html" server="schilling.dreamhost.com/toho9000.com.au/" local="127671264000000000" remote="127671264000000000" />
<file name="htmleditpopup.html" server="schilling.dreamhost.com/toho9000.com.au/" local="127671264000000000" remote="127671264000000000" />
<file name="htmledittabledlg.html" server="schilling.dreamhost.com/toho9000.com.au/" local="127671264000000000" remote="127671264000000000" />
<file name="htmleditulpropdlg.html" server="schilling.dreamhost.com/toho9000.com.au/" local="127671264000000000" remote="127671264000000000" />
<file name="lang_chs.js" server="schilling.dreamhost.com/toho9000.com.au/" local="127671264000000000" remote="127671264000000000" />
<file name="lang_cht.js" server="schilling.dreamhost.com/toho9000.com.au/" local="127671264000000000" remote="127671264000000000" />
<file name="lang_eng.js" server="schilling.dreamhost.com/toho9000.com.au/" local="127671264000000000" remote="127671264000000000" />
<file name="license.js" server="schilling.dreamhost.com/toho9000.com.au/" local="127671264000000000" remote="127671264000000000" />
<file name="mydlg.js" server="schilling.dreamhost.com/toho9000.com.au/" local="127671264000000000" remote="127671264000000000" />
<file name="style.css" server="schilling.dreamhost.com/toho9000.com.au/" local="127671264000000000" remote="127671264000000000" />
<file name="theme_xp.js" server="schilling.dreamhost.com/toho9000.com.au/" local="127671264000000000" remote="127671264000000000" />
<file name="utils.js" server="schilling.dreamhost.com/toho9000.com.au/" local="127671264000000000" remote="127671264000000000" />
</dwsync>